<?xml version="1.0" encoding="UTF-8"?>
<project-private xmlns="http://www.netbeans.org/ns/project-private/1">
    <editor-bookmarks xmlns="http://www.netbeans.org/ns/editor-bookmarks/2" lastBookmarkId="0"/>
    <open-files xmlns="http://www.netbeans.org/ns/projectui-open-files/2">
<<<<<<< HEAD
        <group/>
=======
        <group>
            <file>file:/C:/xampp/htdocs/Codigo/Domain/Venta.php</file>
            <file>file:/C:/xampp/htdocs/Codigo/css/estilo_principal.css</file>
            <file>file:/C:/xampp/htdocs/Codigo/Data/Data.php</file>
            <file>file:/C:/xampp/htdocs/Codigo/Data/DataProducto.php</file>
            <file>file:/C:/xampp/htdocs/Codigo/js/ejemAlertify.js</file>
            <file>file:/C:/xampp/htdocs/Codigo/Data/DataEmpleado.php</file>
            <file>file:/C:/xampp/htdocs/Codigo/js/verVentas.js</file>
        </group>
>>>>>>> d1e0e3c1baf6f5ec5d000b6061fb410bcaa0688b
    </open-files>
</project-private>
